{
    "Colors": {
        "Border": [
            0.09019608050584793,
            0.09019608050584793,
            0.09019608050584793,
            0.501960813999176
        ],
        "BorderShadow": [
            0.0,
            0.0,
            0.0,
            0.0
        ],
        "Button": [
            0.1599999964237213,
            0.1599999964237213,
            0.18000000715255737,
            1.0
        ],
        "ButtonActive": [
            0.25999999046325684,
            0.5899999737739563,
            0.9800000190734863,
            1.0
        ],
        "ButtonHovered": [
            0.20000000298023224,
            0.44999998807907104,
            0.800000011920929,
            1.0
        ],
        "CheckMark": [
            0.05098039284348488,
            0.6549019813537598,
            0.6313725709915161,
            1.0
        ],
        "ChildBg": [
            0.07058823853731155,
            0.07058823853731155,
            0.0784313753247261,
            1.0
        ],
        "DockingEmptyBg": [
            0.07000000029802322,
            0.07000000029802322,
            0.07999999821186066,
            1.0
        ],
        "DockingPreview": [
            0.20000000298023224,
            0.44999998807907104,
            0.800000011920929,
            1.0
        ],
        "DragDropTarget": [
            1.0,
            1.0,
            0.0,
            0.8999999761581421
        ],
        "DragDropTargetBg": [
            0.0,
            0.0,
            0.0,
            0.0
        ],
        "FrameBg": [
            0.16078431904315948,
            0.16078431904315948,
            0.16078431904315948,
            1.0
        ],
        "FrameBgActive": [
            0.25882354378700256,
            0.5882353186607361,
            0.9803921580314636,
            1.0
        ],
        "FrameBgHovered": [
            0.027450980618596077,
            0.3960784375667572,
            0.1882352977991104,
            1.0
        ],
        "Header": [
            0.2980392277240753,
            0.2980392277240753,
            0.5098039507865906,
            1.0
        ],
        "HeaderActive": [
            0.25882354378700256,
            0.5882353186607361,
            0.9803921580314636,
            1.0
        ],
        "HeaderHovered": [
            0.2980392277240753,
            0.2980392277240753,
            0.5098039507865906,
            1.0
        ],
        "InputTextCursor": [
            1.0,
            1.0,
            1.0,
            1.0
        ],
        "MenuBarBg": [
            0.29411765933036804,
            0.29411765933036804,
            0.6784313917160034,
            1.0
        ],
        "ModalWindowDimBg": [
            0.800000011920929,
            0.800000011920929,
            0.800000011920929,
            0.3499999940395355
        ],
        "NavCursor": [
            0.25999999046325684,
            0.5899999737739563,
            0.9800000190734863,
            1.0
        ],
        "NavWindowingDimBg": [
            0.800000011920929,
            0.800000011920929,
            0.800000011920929,
            0.20000000298023224
        ],
        "NavWindowingHighlight": [
            1.0,
            1.0,
            1.0,
            0.699999988079071
        ],
        "PlotHistogram": [
            0.8999999761581421,
            0.699999988079071,
            0.0,
            1.0
        ],
        "PlotHistogramHovered": [
            1.0,
            0.6000000238418579,
            0.0,
            1.0
        ],
        "PlotLines": [
            0.6100000143051147,
            0.6100000143051147,
            0.6100000143051147,
            1.0
        ],
        "PlotLinesHovered": [
            1.0,
            0.4300000071525574,
            0.3499999940395355,
            1.0
        ],
        "PopupBg": [
            0.22745098173618317,
            0.0,
            0.4627451002597809,
            1.0
        ],
        "ResizeGrip": [
            0.0,
            0.0,
            0.0,
            0.0
        ],
        "ResizeGripActive": [
            0.25999999046325684,
            0.5899999737739563,
            0.9800000190734863,
            1.0
        ],
        "ResizeGripHovered": [
            0.20000000298023224,
            0.44999998807907104,
            0.800000011920929,
            1.0
        ],
        "ScrollbarBg": [
            0.1411764770746231,
            0.1411764770746231,
            0.1764705926179886,
            1.0
        ],
        "ScrollbarGrab": [
            0.3019607961177826,
            0.3019607961177826,
            0.3294117748737335,
            1.0
        ],
        "ScrollbarGrabActive": [
            0.20000000298023224,
            0.3450980484485626,
            0.5607843399047852,
            1.0
        ],
        "ScrollbarGrabHovered": [
            0.2549019753932953,
            0.32549020648002625,
            0.4313725531101227,
            1.0
        ],
        "Separator": [
            0.24705882370471954,
            0.5607843399047852,
            0.08235294371843338,
            1.0
        ],
        "SeparatorActive": [
            0.25882354378700256,
            0.5882353186607361,
            0.9803921580314636,
            1.0
        ],
        "SeparatorHovered": [
            0.10980392247438431,
            0.7764706015586853,
            0.6431372761726379,
            1.0
        ],
        "SliderGrab": [
            0.20000000298023224,
            0.45098039507865906,
            0.800000011920929,
            1.0
        ],
        "SliderGrabActive": [
            0.25999999046325684,
            0.5899999737739563,
            0.9800000190734863,
            1.0
        ],
        "Tab": [
            0.07000000029802322,
            0.07000000029802322,
            0.07999999821186066,
            1.0
        ],
        "TabDimmed": [
            0.07000000029802322,
            0.07000000029802322,
            0.07999999821186066,
            1.0
        ],
        "TabDimmedSelected": [
            0.10999999940395355,
            0.10999999940395355,
            0.11999999731779099,
            1.0
        ],
        "TabDimmedSelectedOverline": [
            0.5,
            0.5,
            0.5,
            0.0
        ],
        "TabHovered": [
            0.41960784792900085,
            0.10980392247438431,
            0.9843137264251709,
            1.0
        ],
        "TabSelected": [
            0.10999999940395355,
            0.10999999940395355,
            0.11999999731779099,
            1.0
        ],
        "TabSelectedOverline": [
            0.25999999046325684,
            0.5899999737739563,
            0.9800000190734863,
            1.0
        ],
        "TableBorderLight": [
            0.23000000417232513,
            0.23000000417232513,
            0.25,
            1.0
        ],
        "TableBorderStrong": [
            0.3100000023841858,
            0.3100000023841858,
            0.3499999940395355,
            1.0
        ],
        "TableHeaderBg": [
            0.1899999976158142,
            0.1899999976158142,
            0.20000000298023224,
            1.0
        ],
        "TableRowBg": [
            0.0,
            0.0,
            0.0,
            0.0
        ],
        "TableRowBgAlt": [
            1.0,
            1.0,
            1.0,
            0.05999999865889549
        ],
        "Text": [
            1.0,
            0.8039215803146362,
            0.0,
            1.0
        ],
        "TextDisabled": [
            0.9921568632125854,
            0.9921568632125854,
            0.9921568632125854,
            1.0
        ],
        "TextLink": [
            0.25999999046325684,
            0.5899999737739563,
            0.9800000190734863,
            1.0
        ],